<?xml version="1.0" encoding="UTF-8"?>
<root>
  <item name="com.google.firebase.appcheck.internal.NetworkClient com.google.firebase.appcheck.internal.AppCheckTokenResponse exchangeAttestationForAppCheckToken(byte[], int, com.google.firebase.appcheck.internal.RetryManager) 1">
    <annotation name="androidx.annotation.IntDef">
      <val name="value" val="{com.google.firebase.appcheck.internal.NetworkClient.UNKNOWN, com.google.firebase.appcheck.internal.NetworkClient.DEBUG, com.google.firebase.appcheck.internal.NetworkClient.PLAY_INTEGRITY}" />
    </annotation>
  </item>
  <item name="com.google.firebase.appcheck.internal.NetworkClient java.lang.String getUrlTemplate(int) 0">
    <annotation name="androidx.annotation.IntDef">
      <val name="value" val="{com.google.firebase.appcheck.internal.NetworkClient.UNKNOWN, com.google.firebase.appcheck.internal.NetworkClient.DEBUG, com.google.firebase.appcheck.internal.NetworkClient.PLAY_INTEGRITY}" />
    </annotation>
  </item>
  <item name="com.google.firebase.appcheck.internal.NetworkClient.AttestationTokenType">
    <annotation name="androidx.annotation.IntDef">
      <val name="value" val="{com.google.firebase.appcheck.internal.NetworkClient.UNKNOWN, com.google.firebase.appcheck.internal.NetworkClient.DEBUG, com.google.firebase.appcheck.internal.NetworkClient.PLAY_INTEGRITY}" />
    </annotation>
  </item>
  <item name="com.google.firebase.appcheck.internal.RetryManager int getBackoffStrategyByErrorCode(int)">
    <annotation name="androidx.annotation.IntDef">
      <val name="value" val="{com.google.firebase.appcheck.internal.RetryManager.EXPONENTIAL, com.google.firebase.appcheck.internal.RetryManager.ONE_DAY}" />
    </annotation>
  </item>
</root>

